EmployeeID,Name,Gender,Age,JoinDate,DepartmentID,Location
1,Donald Walker,Male,25,2017-03-04,6,Lake Joyside
2,Amanda Davis,Female,39,2016-10-04,2,New Carolyn
3,Meredith Barnes,Male,30,2018-08-30,6,Lawrencetown
4,Gina Moore,Male,51,2017-12-30,1,Curtisfurt
5,Gregory Baker,Male,29,2016-12-03,2,Lake Stephenville
6,Edward Fuller,Male,56,2021-09-20,5,Barbaraland
7,Patricia Galloway,Male,59,2016-01-22,2,Port Craig
8,Roy Martin,Female,38,2020-01-04,4,Jasonview
9,Carolyn Daniel,Female,24,2016-06-29,2,South Noah
10,Sarah Parsons,Female,45,2019-01-06,3,Port Antonio
11,Austin Gentry,Male,37,2020-08-24,3,Jasonfort
12,Maria Thomas,Male,29,2022-01-04,4,East Julie
13,Jessica Silva,Male,46,2019-10-01,3,Jeffreyberg
14,Peter Callahan Jr.,Female,26,2023-12-13,6,Port Erin
15,Kyle Mcdonald,Female,58,2016-05-11,1,Tashatown
16,Kimberly Adams,Female,29,2017-03-24,5,Danielchester
17,Troy Liu,Female,47,2017-12-20,5,Teresaburgh
18,Sheila Evans,Male,28,2023-12-01,1,East Nathaniel
19,Paula Moreno,Male,42,2018-01-10,1,New Mariotown
20,Sherry Decker,Male,30,2017-03-08,4,Johnbury
21,John Jones,Female,53,2016-08-14,6,East Donna
22,Shane Henderson,Female,34,2018-02-02,3,New Karina
23,Jennifer Powers,Female,37,2018-09-13,6,Samuelhaven
24,Danny Morgan,Female,28,2022-12-17,5,New Jeffrey
25,Amy Jones,Male,58,2016-06-27,6,Port Markhaven
26,John Ryan,Male,34,2019-04-30,4,Sanchezfort
27,Brent Jordan,Female,41,2022-03-16,6,Jenkinston
28,Nicholas Mcbride,Male,44,2016-12-14,1,East Jamesside
29,Clifford Ford,Male,26,2022-11-29,3,South Lindseyside
30,Zachary Huff,Female,41,2016-12-11,1,Port Melindaburgh
31,Mr. James Brown,Male,60,2022-03-12,6,Smithfurt
32,Rachel Mitchell,Female,37,2019-10-16,6,Mooreport
33,Lauren Daniels,Female,49,2018-12-25,6,Brianshire
34,Sarah Moore,Female,33,2023-05-23,3,Port Jacobland
35,Todd Hudson,Male,39,2019-04-13,6,New Christophershire
36,Dean Santiago,Female,51,2024-03-04,5,Johnfurt
37,Elizabeth Stewart,Female,47,2017-07-04,2,North Stephenshire
38,Daniel Baker,Male,56,2016-12-24,4,Nicolebury
39,Jeffrey Daniels,Male,27,2021-07-26,1,Cherylhaven
40,Kristen Huynh,Male,34,2015-05-31,6,East Josephville
41,Larry Robbins,Female,28,2017-12-03,4,Lake Cynthia
42,Danielle Odonnell,Female,53,2019-10-09,5,North Cynthiaview
43,Ray Walsh,Female,59,2016-01-11,1,Evanmouth
44,Ashley Landry,Male,58,2022-07-22,3,New Barry
45,Brittany Anderson,Female,31,2021-07-24,3,Michaelton
46,David Garcia,Female,34,2021-05-14,4,Dicksonberg
47,Vanessa Cochran,Male,40,2019-04-23,5,Johnsonmouth
48,Sharon Cochran,Male,56,2022-04-14,1,Erikville
49,Shannon Walker,Female,56,2021-10-15,5,Baileybury
50,Corey Murphy,Male,33,2019-01-27,3,Port Joshuahaven
51,Sarah Rivera,Male,58,2022-01-29,5,North Natalieview
52,Victoria Johnson,Male,44,2018-04-26,4,Reedmouth
53,Kayla Cruz,Male,31,2022-09-14,3,West Bradley
54,Timothy Ryan,Female,39,2022-09-12,1,West Ryan
55,Mary Martinez,Male,60,2020-11-23,1,Williamchester
56,Edward Martinez,Male,55,2020-10-29,1,Ortegafurt
57,Elizabeth Kelley,Male,32,2018-03-29,6,West Justinchester
58,Jeremy Lewis,Female,59,2020-10-05,2,Leonburgh
59,Matthew Harvey,Female,57,2016-09-20,5,Port Stephaniebury
60,Curtis Johnson,Female,37,2020-07-23,5,South Cheryl
61,Stephen Johnston,Male,43,2016-07-08,4,Snyderbury
62,Abigail Potter,Female,52,2017-10-15,5,Port Ronaldburgh
63,Justin Lowery,Female,31,2024-02-03,2,South Dennismouth
64,Stephanie Salazar,Male,28,2020-09-04,3,Rivasside
65,Natasha Wells,Male,59,2022-11-12,2,Karenview
66,Mr. Jeremiah Reeves,Male,24,2024-02-24,1,West Matthew
67,David Benson,Male,38,2016-08-25,1,North Robert
68,Jennifer Clark,Male,45,2020-11-28,1,Priceshire
69,Pamela James,Male,41,2015-08-12,6,West Kennethfurt
70,Morgan Marsh,Female,37,2022-05-29,5,South Jeffrey
71,Mr. Michael Yates,Male,60,2022-09-11,5,Port Tanner
72,Ms. Susan Vargas,Female,39,2017-06-14,4,North Dawnberg
73,David Murphy,Female,36,2023-02-18,1,Murphyfurt
74,Sandra King,Male,51,2020-01-06,3,South Andrewside
75,Mrs. Marie Harrington DDS,Female,50,2016-03-01,4,East Jamestown
76,John Wilson,Male,30,2017-11-14,1,South Holly
77,Lawrence Adkins,Female,45,2021-07-22,1,Port Loriport
78,Tanya Johnston,Male,36,2017-02-12,2,Sandersborough
79,Sandra Sanchez,Female,32,2016-07-28,4,Melissaville
80,Jeffrey Wood,Male,41,2015-12-24,4,Alexanderchester
81,Tyler Reid,Male,28,2023-08-15,4,Zimmermanchester
82,Tracie Nelson,Male,27,2018-04-11,6,Marshallshire
83,David Michael,Male,29,2019-11-05,2,Nicolebury
84,Mary Rogers,Male,50,2023-03-09,4,Rosalesburgh
85,Robert Peterson,Female,37,2023-07-29,4,Angelahaven
86,Nathan Freeman,Male,34,2018-07-13,4,Lake Thomas
87,Alan Phillips,Male,48,2023-08-18,3,Holtport
88,Joseph Coleman,Female,42,2021-07-23,4,Michaelmouth
89,David Griffith,Female,33,2019-11-21,2,Davidside
90,Parker Hill,Female,37,2018-06-06,1,Tinaborough
91,Christopher Smith,Male,44,2020-04-26,1,West Brandon
92,Melissa Martinez,Male,54,2016-03-16,5,Garciatown
93,Jeremiah Lopez,Male,27,2020-02-12,5,West Shelleyfort
94,Jennifer Jones,Male,35,2017-03-21,1,East Edwardshire
95,David Grant,Male,39,2020-06-12,4,Obrienbury
96,Terry Evans,Male,60,2024-03-03,2,Torreston
97,Christine Clark,Male,29,2016-12-19,4,East Johnside
98,Jason Norris,Female,40,2016-07-22,2,Carterbury
99,Michele Gibson,Female,39,2020-03-07,3,West Kristin
100,Joshua Holland,Female,32,2018-08-24,6,Margaretland
101,Eric Curry,Female,53,2016-04-17,3,Scottmouth
102,Terri Mason,Male,24,2020-06-14,4,Kimton
103,Lindsey Johnson,Male,28,2022-08-18,5,Lake Mary
104,Miss Debra Williams PhD,Male,56,2015-08-19,3,Stonemouth
105,Kevin Walters,Male,46,2020-01-05,1,Costafort
106,Frank Garcia,Male,47,2021-03-14,3,West Robert
107,Tony Cervantes,Male,52,2023-09-16,5,South Christopherview
108,Raymond Hancock,Female,57,2020-10-11,1,Lake Mollymouth
109,Joseph Dean,Female,30,2022-04-23,2,Garrettton
110,Carlos Roberts,Female,31,2018-09-28,1,Martinezbury
111,Adam Russell,Male,41,2017-12-22,3,Port Robin
112,Maria Moore,Male,45,2023-02-17,2,Williamview
113,Veronica Sanchez,Female,56,2022-05-07,4,South James
114,Breanna Jones,Female,27,2023-12-05,1,Morganhaven
115,Diane Evans,Female,41,2019-10-29,1,Grimesmouth
116,Juan Daniels,Male,45,2023-07-09,2,Cantuborough
117,Cynthia Rowe,Female,34,2019-05-05,6,West Juliefurt
118,Rebecca Pearson MD,Female,59,2021-11-06,6,East Wayneshire
119,Shelly Alexander,Female,59,2020-12-04,1,Smithberg
120,Tracy Jones,Male,28,2022-04-03,6,Matthewfurt
121,Sarah Villarreal,Male,58,2016-08-24,1,Finleyfort
122,Cynthia Cohen,Female,59,2015-11-22,2,Wendyland
123,Paige Padilla,Female,32,2022-08-30,1,South Garrettport
124,Robert Carter,Female,47,2015-10-09,1,Ryanbury
125,Rebecca Jackson,Female,37,2022-04-16,6,New Monicabury
126,Briana Murray,Male,30,2023-09-30,3,Stevetown
127,Megan Moore,Female,33,2023-03-12,2,Landryshire
128,Jessica Wright,Male,35,2020-05-14,4,Jamesfurt
129,James Howard,Male,35,2023-07-02,6,Victoriaport
130,Mary Hill,Female,50,2015-08-27,6,New Julieport
131,Heather Fields,Male,41,2019-03-12,2,Ericaberg
132,Maria Parker,Male,48,2016-12-06,1,Johnsonstad
133,Edward Burgess,Female,38,2017-07-07,2,East David
134,Susan Rivas,Female,46,2021-07-03,3,Robinfort
135,Gina Wilson,Male,38,2020-04-19,1,East Karenbury
136,Regina Diaz,Male,49,2022-01-15,3,Smithside
137,Michael Chambers,Female,28,2017-05-19,3,Carsonstad
138,Kaitlyn Harvey,Female,56,2017-02-14,4,Rosebury
139,Julie Haynes,Female,25,2016-05-09,1,Wilsonton
140,Johnathan Davis,Female,35,2015-11-30,5,South Shawn
141,Molly Mcclure,Female,26,2022-05-30,1,Port Tracychester
142,Jacob Ramos,Female,46,2020-01-15,6,Port Michael
143,Vanessa Howard,Female,51,2021-07-12,5,Hillville
144,Daniel Fowler,Male,48,2023-01-06,5,North Kristinbury
145,Christine Gallegos,Male,40,2017-06-03,1,New Jason
146,Charles Lester,Female,24,2019-03-30,5,West Micheleberg
147,Rebecca Rodriguez,Male,47,2017-06-28,4,East Alexisbury
148,Derek Martinez,Male,45,2020-10-14,5,Foxland
149,Ivan Wheeler,Female,31,2023-05-20,6,Gordonton
150,Mason Johnson,Female,56,2024-02-25,3,Boonechester
151,Theodore Jones Jr.,Female,44,2017-02-11,4,North David
152,Kyle Phillips,Female,59,2020-10-23,2,Garciaville
153,Stephen Gutierrez,Male,50,2018-12-09,6,Rossville
154,Maurice Brooks,Female,35,2020-08-06,5,Lake Sandra
155,Bradley Reynolds,Female,49,2016-06-03,5,Lisaside
156,Kristina Rivera,Male,43,2016-04-19,3,South Michaelchester
157,Lindsay Bell,Male,51,2016-02-26,5,East Diane
158,Hayley Hawkins,Female,53,2019-02-04,4,Port Joshuabury
159,Vanessa Cardenas,Female,37,2022-07-31,5,New Sarahview
160,Michael Parker,Female,34,2015-10-09,6,Michaelburgh
161,Jennifer Thomas,Male,42,2017-09-19,5,North Julieborough
162,Glen Wood,Female,29,2021-09-05,2,Kimberlyshire
163,Brittney Webster,Female,38,2016-09-21,2,Lake Christophermouth
164,Mr. Donald Fischer,Male,25,2022-06-29,1,West Russellport
165,Elizabeth Walker,Male,54,2023-07-23,5,North Jamesborough
166,Donna Wilson,Male,53,2017-08-12,4,Burgessburgh
167,Michael Mason,Male,48,2017-06-23,4,Charleston
168,Thomas Atkins,Female,39,2022-09-13,2,Berrychester
169,Alex Nguyen,Male,30,2020-03-15,4,Collierstad
170,Brian Graham,Male,35,2016-10-11,6,Warrenfurt
171,Connie Maxwell,Female,27,2020-07-22,5,New Cynthiahaven
172,Ricardo Bell,Male,31,2023-12-15,4,East Curtis
173,Lance Wolf,Male,53,2019-08-20,6,East Stephaniefort
174,Olivia Cole,Female,52,2023-03-04,5,Michellemouth
175,John Welch,Female,59,2017-11-06,4,Brittanystad
176,Joel Johnson,Male,54,2023-11-29,4,Marieland
177,Katie Ford,Female,39,2016-10-25,6,South Reginashire
178,John Hernandez,Female,57,2018-06-25,4,South Dalemouth
179,Carrie Wright,Male,41,2016-09-18,4,Ritterhaven
180,Helen Hardin,Male,42,2024-03-04,2,Ortizmouth
181,Maria Jones,Female,45,2016-03-03,3,New Erikaport
182,Mary Escobar,Male,32,2019-07-26,2,West Christopher
183,Emily Douglas,Male,48,2017-09-07,6,Andersonland
184,Maria Murphy,Male,37,2020-07-18,1,Lake Jacqueline
185,Michael Romero,Female,50,2024-03-26,3,West Kyleborough
186,Katelyn Perez,Female,50,2021-02-03,1,East Chris
187,Kimberly Rodgers,Male,50,2016-12-31,4,Lake Matthewberg
188,Christopher Schwartz,Male,60,2021-09-08,4,Lake Samuel
189,Nathan Montes,Female,24,2022-04-08,3,Karenmouth
190,Emily Stokes,Female,48,2019-04-06,4,Mckeeborough
191,Laura Alexander,Male,55,2021-07-15,2,Kimberlyhaven
192,Christopher Gonzalez,Female,51,2024-04-02,4,Port John
193,Kristen Garcia,Male,48,2023-06-16,3,West Christopherburgh
194,Jose Guerra,Female,34,2019-12-03,4,East Lisastad
195,James Brooks,Male,58,2015-09-25,1,Vangstad
196,Timothy Combs,Female,60,2019-02-06,6,Laceyberg
197,Ronald Horton,Male,29,2015-12-07,6,Port Janice
198,Susan Smith,Female,32,2022-11-29,4,Port Edward
199,Ricardo Young,Male,27,2024-04-04,3,North Johnmouth
200,Taylor Carlson,Female,44,2016-05-07,2,Lake Zacharybury
201,Aaron Gomez,Female,44,2017-09-21,3,Lopezland
202,Andrea Fox,Female,41,2024-03-08,4,South Morganton
203,Mrs. Alexis Kramer,Female,29,2021-11-10,4,Johnville
204,Harold Morgan,Male,58,2020-12-08,1,Port Kimberly
205,Mrs. Catherine Taylor,Female,38,2023-03-09,6,Johnsonborough
206,Stacey Stewart,Male,26,2016-01-10,1,Zacharyside
207,Paul Lee,Male,36,2023-05-02,1,Michelleton
208,Robert Kim,Male,39,2020-12-04,2,Paulfurt
209,Kathleen Jimenez,Female,31,2021-01-17,5,Lauriechester
210,Zachary White,Male,53,2016-08-15,6,Manuelland
211,Elizabeth Morrison,Female,47,2020-11-09,2,Jacksonmouth
212,Nicholas Buck,Male,34,2021-04-05,3,Hillton
213,Jennifer Palmer,Male,25,2016-07-22,3,North Douglas
214,Austin Osborne,Female,49,2022-09-25,6,Michaelshire
215,Meghan Rush,Male,28,2015-10-31,5,Scottland
216,Jennifer Banks,Male,30,2017-08-15,6,North Anthony
217,Mr. Justin Green III,Female,31,2018-06-12,5,Lewisport
218,Chad Jones,Male,46,2023-08-21,5,Lake Sean
219,Tracy Downs,Female,47,2016-10-09,1,Jennaside
220,Sarah Joseph,Female,24,2020-03-21,4,Port Michael
221,Curtis Taylor,Female,30,2019-02-04,4,Johnsonside
222,William Anderson,Female,53,2021-07-22,6,North Kylefort
223,Jason Andrews,Male,51,2024-03-22,2,West Dawn
224,Joseph Anderson,Female,58,2022-12-08,4,Port Tammy
225,Sheena Guerra,Female,51,2022-08-22,6,West Fred
226,Courtney Meza,Female,44,2020-10-07,2,Meghanview
227,Krista Martinez,Male,41,2018-08-14,4,Christinaland
228,Leslie Carpenter,Male,53,2023-10-30,5,Lake Claudia
229,Kristy Bryan,Female,45,2021-01-08,1,North Brandonshire
230,Pamela Butler,Female,44,2019-10-13,2,South Pamelaside
231,Elizabeth Sanchez,Female,37,2020-03-16,3,Evansland
232,Jason Marshall,Female,45,2016-04-19,3,Catherinemouth
233,Shannon Hester,Female,59,2020-09-17,1,Port Mitchell
234,John Adams,Male,29,2017-01-31,2,East Colin
235,Sharon Barnes,Female,55,2020-03-20,5,Port Mark
236,Christopher Ferrell,Male,54,2020-08-07,6,Jimenezport
237,Tony Wagner,Female,52,2023-09-28,1,East Brandy
238,Johnny Khan,Male,42,2016-02-09,2,Mitchelltown
239,Stephen Luna,Female,39,2017-02-08,3,Diazfurt
240,Chloe Tran,Female,54,2016-02-24,5,South Williamside
241,Lisa Carr,Female,51,2020-01-15,6,North Phillip
242,Holly Thomas,Female,46,2021-01-18,6,Porterton
243,Gary Wells,Female,41,2015-12-10,3,Hernandezhaven
244,Louis Martin,Female,38,2017-08-28,1,Brittneyhaven
245,Michelle Evans,Male,44,2023-12-14,1,West Markville
246,Rebecca Swanson,Male,36,2022-05-14,2,New Thomasshire
247,Lauren Jackson,Female,41,2019-02-24,6,Hernandezbury
248,Melody Lee,Female,30,2015-10-26,2,Edwardsberg
249,Jennifer Hampton,Female,38,2022-04-22,3,Salaston
250,Kristina Bolton,Male,43,2017-08-18,1,Foxmouth
251,Joseph Payne,Male,41,2018-03-24,1,Chelseaborough
252,Edwin David,Male,59,2019-06-22,3,Kellieborough
253,Gregory Peck,Male,55,2023-08-07,1,Keithshire
254,Jennifer Reed,Male,60,2021-09-27,3,West Bobby
255,Jeremy Scott,Female,54,2016-08-16,4,Lewisside
256,Melissa Taylor,Female,35,2019-11-22,1,East Brent
257,Amy Gutierrez,Female,54,2019-02-13,1,Garciaberg
258,Vanessa Moore,Male,49,2015-05-15,4,Woodsborough
259,Matthew Velez,Male,60,2020-03-01,6,Lake Audreyside
260,Carrie Khan,Male,33,2015-11-30,2,North Wendy
261,Charlotte Curry,Female,29,2022-01-12,2,Nancytown
262,Ashley Bird,Male,59,2020-05-10,4,Shawnside
263,Todd Rosales MD,Male,57,2024-03-14,4,Port Daniel
264,Mariah Higgins,Female,52,2018-01-16,3,Lake Matthewport
265,Scott Prince,Female,43,2018-07-26,5,Robertsonland
266,Cathy Taylor,Male,30,2022-02-05,2,Sharitown
267,Jeremy Adams,Male,40,2019-09-19,6,Kevinshire
268,Ian Young,Male,34,2015-06-23,2,South Kurtfurt
269,Stacy Carrillo,Male,59,2023-10-30,1,Lake Sabrinaport
270,Colleen Anderson,Male,24,2021-07-13,4,South Julie
271,Joshua Ruiz,Female,54,2021-08-20,3,Port John
272,Kelsey Cox,Male,38,2016-09-02,3,North Mariahaven
273,Brittany Murphy,Female,53,2018-09-20,1,Wilsonborough
274,Jordan Stokes,Male,40,2023-08-06,6,Andersonchester
275,Kristin Chambers,Male,51,2023-01-19,1,Jenniferfurt
276,Nichole Lane,Male,33,2019-08-11,3,South Melvinland
277,Andrea Peck,Male,28,2016-04-21,1,West Robertberg
278,Steven West,Male,43,2022-06-07,5,Bennettside
279,Hannah White,Female,52,2017-07-17,1,Ricebury
280,Veronica Ford,Female,43,2015-05-04,6,Patelbury
281,Christopher Lopez,Female,41,2019-06-28,5,North Lisachester
282,Austin Wheeler,Female,52,2015-07-19,1,Harperton
283,Jennifer Young,Male,51,2019-06-11,6,Port Michelle
284,Wyatt Young,Female,40,2016-03-28,1,Barbaramouth
285,Charles Keller,Male,38,2019-04-24,6,South Kevin
286,Leslie Moss,Male,41,2016-04-25,5,Lake Erika
287,Gregory Schneider,Male,35,2023-09-17,4,Floydmouth
288,Elijah White,Female,41,2022-05-12,2,Allenbury
289,Brianna Ford,Female,55,2020-05-24,1,New Robertchester
290,David Rivera,Female,46,2017-07-24,4,South Melanieland
291,James Jacobs,Female,44,2018-07-09,6,Port Charlesshire
292,Sean Cook,Male,34,2018-12-21,3,East Sharonville
293,Melissa Padilla,Female,55,2023-06-05,3,Hermanside
294,Jamie Ferguson,Female,59,2020-10-01,1,Kylestad
295,Julie Lang,Female,29,2024-01-02,3,Gillmouth
296,Jason Hart,Female,44,2018-09-26,1,Lake Dustin
297,Lauren Cortez,Female,56,2019-09-19,1,Elijahmouth
298,Roy Porter,Female,50,2019-03-12,1,Jonathanfort
299,Nicholas Bell,Male,57,2023-08-17,3,Lake Amy
300,Kimberly May,Female,52,2018-05-30,1,New Arthurland
301,Jennifer Kirby,Male,41,2016-02-08,5,North Jasmine
302,Jesus Brown,Male,42,2015-06-08,4,Hopkinstown
303,Jennifer Smith,Female,31,2015-05-24,1,Amandaport
304,Melissa Jordan,Male,34,2015-07-28,3,North Samantha
305,Corey Fox,Male,59,2024-03-14,4,Josephfurt
306,Jared Cunningham,Male,38,2016-08-16,1,West Gabriella
307,Shannon Malone,Female,31,2016-08-25,6,South Nicholasside
308,Adam Jackson,Male,55,2023-05-18,6,Brucemouth
309,Tamara Hall,Female,56,2016-11-25,6,Nelsonland
310,Kristy Johnson,Female,50,2020-01-19,4,Alexisborough
311,Michelle Sanders,Female,39,2017-09-24,4,West Franciscobury
312,Kimberly Reyes,Male,48,2021-11-25,2,Port Vanessa
313,Valerie Brown,Male,28,2016-08-12,3,Hallland
314,Lisa Larson,Female,45,2021-01-27,5,Anthonyview
315,Henry Pugh MD,Female,24,2022-12-11,3,Millerport
316,Angela Moore,Female,55,2019-06-22,2,Lake Peter
317,Aaron Parker,Female,58,2021-06-01,4,Kathleenville
318,Jeffrey Hawkins,Female,45,2017-07-14,5,Garcialand
319,Linda Mueller,Female,53,2021-04-20,3,Smithchester
320,Misty Hansen,Male,39,2021-11-16,5,New Adriana
321,Derrick Adams,Female,38,2021-10-03,4,North Gary
322,John Jones,Male,44,2019-12-22,6,Sherylfort
323,Chad Smith,Female,48,2018-08-10,4,Cookfurt
324,Jeffrey Colon,Male,55,2020-11-19,1,West Malik
325,Christopher Sanders,Male,56,2018-09-12,5,Kellyfort
326,Douglas Hartman,Female,30,2019-05-28,4,Danielshire
327,Kimberly Maldonado,Male,57,2018-09-05,4,Lake Stevenborough
328,Sandra Jones,Male,33,2022-09-27,4,Chambersberg
329,Matthew Espinoza,Male,28,2020-06-06,4,Jonesfort
330,Tammy Kane,Female,45,2022-02-05,5,Stephensstad
331,David Ortega,Female,29,2016-09-22,3,Lake Cheyenne
332,Erin Hogan,Female,44,2022-01-29,6,North Coreybury
333,Kristin Watts,Female,58,2023-12-20,1,South Neil
334,Leah Mason,Male,39,2023-02-27,6,Whitneyfort
335,Thomas Miller,Female,38,2017-01-21,6,West Larry
336,Kelly Bailey,Male,51,2023-01-10,1,South Jennifermouth
337,Andrew Page,Male,52,2020-09-14,2,Port Matthewville
338,Natalie Black,Female,25,2018-01-28,1,West Anita
339,Jared Lopez,Female,27,2023-02-21,3,Fosterborough
340,Jasmine Bush,Female,47,2022-12-05,4,West Karen
341,Rebecca Herrera,Male,39,2016-05-05,5,Markmouth
342,Scott Rose,Female,60,2017-03-21,6,Candicefurt
343,Ryan Williamson,Male,34,2017-03-22,2,Samanthashire
344,Emily Allen,Male,48,2016-09-20,5,East Nathanielberg
345,Kyle Andrews,Male,55,2023-12-21,5,Lopezside
346,Katherine Taylor,Male,38,2018-03-24,4,Meganton
347,Kari Lee,Female,53,2021-05-21,3,Maynardhaven
348,John Mckinney,Male,53,2023-09-13,3,Burnsland
349,Connie Johnson,Male,28,2015-10-21,4,New Keith
350,Patricia Simpson,Female,43,2023-01-22,6,New Dannyside
351,Nicole Wolf,Female,40,2021-07-09,4,Paynechester
352,Martha Wright,Female,36,2017-01-08,4,South Joseland
353,Autumn Cain,Female,30,2022-10-01,2,Port Joan
354,Lisa Patterson,Female,60,2021-03-30,3,Port Jamie
355,Laura Patel,Female,42,2018-10-19,1,West Tiffany
356,Derek Hodge,Female,41,2020-04-04,1,East Sydneychester
357,Sharon Martinez DVM,Male,55,2016-04-15,3,East Jennifer
358,Megan Burns,Male,46,2019-06-29,2,Courtneyfurt
359,Robert Mack,Male,40,2022-12-20,6,Robertsonview
360,John Perkins,Male,30,2021-07-23,6,Lake Teresastad
361,Jennifer Donaldson,Male,43,2016-05-10,4,South Joseph
362,Kenneth Knight,Male,47,2020-02-08,6,Kramerton
363,Richard Stevens,Male,29,2016-01-23,3,Port Ericmouth
364,Jessica Forbes DVM,Female,50,2015-04-17,2,Erikview
365,Danielle Watson,Male,32,2016-11-12,5,North Randy
366,Nicole Patterson,Female,57,2020-06-23,5,Lake Codyborough
367,Kevin Stone,Female,34,2023-05-23,3,Smithmouth
368,Jennifer Anderson MD,Female,42,2017-05-01,6,Davisville
369,Stanley Taylor,Female,31,2017-01-13,4,Lake Victoria
370,Justin Bishop,Male,33,2017-09-16,2,South Michael
371,Brittany Jenkins,Female,59,2018-11-26,3,Heathland
372,Bryce Blair,Male,49,2016-12-27,1,Sylviamouth
373,Matthew Wright,Female,58,2017-08-28,1,Kimberlytown
374,Lawrence Lopez,Female,47,2020-05-30,6,Phillipston
375,Brian Porter MD,Female,48,2019-05-09,6,West Sarahberg
376,Laura Diaz,Female,30,2021-11-10,6,Port Thomas
377,Austin Baker,Male,54,2016-07-09,1,North Stacyfurt
378,Micheal Wang,Female,38,2023-11-24,6,Milesland
379,Eric Dixon,Male,53,2017-11-16,6,Port Eric
380,Mark Davenport,Female,50,2020-11-02,1,West Hollybury
381,Tim Wilson,Male,26,2016-04-06,1,West Elizabethburgh
382,Chad Smith,Female,55,2017-04-24,1,Bentonhaven
383,Michelle Jackson,Male,39,2024-01-29,5,Lake Kimberly
384,Bailey Yoder,Male,48,2019-11-08,4,Lindsayview
385,Michael Ray,Female,58,2024-03-11,4,South Spencerstad
386,Mr. Jacob Scott Jr.,Male,50,2016-03-22,6,East Joycetown
387,Alexandria Williams,Male,55,2016-01-11,5,Patrickberg
388,Shannon Tran,Female,41,2018-04-29,1,Walkerbury
389,Erica Mckenzie,Female,37,2022-05-12,4,Davidton
390,Jose Williams,Female,39,2018-05-01,3,Jonesmouth
391,Emily Miller,Male,47,2020-01-31,5,Smithborough
392,Elizabeth Dean,Female,27,2020-03-28,4,Richardsonfort
393,Kimberly Flynn,Female,36,2018-08-09,1,North Sarah
394,Gregory Franco,Female,29,2015-09-08,6,West Aaronfurt
395,Joseph Allen,Male,25,2020-07-05,1,Woodwardberg
396,Thomas Merritt,Female,39,2020-01-15,2,Haynesstad
397,Angela Davis,Male,28,2023-01-29,5,Lake Lori
398,Amy Bates,Male,37,2016-07-20,2,East Kelly
399,Jenna Decker,Female,33,2020-08-21,5,Louisview
400,Dale Chan,Male,41,2019-04-03,2,East Danielmouth
401,Bryan Howard,Male,58,2023-03-17,3,South Kyle
402,Ann Aguirre,Male,31,2019-10-15,6,Margaretton
403,Erin Davis,Male,32,2018-12-09,1,West Randy
404,Debbie Ewing,Female,39,2016-02-11,5,South Melissaside
405,Brian Leon,Female,25,2019-07-13,2,North Bryanbury
406,James Parks,Female,27,2017-07-03,2,New Brendaland
407,Christina Brewer PhD,Female,57,2015-08-26,1,Port Mariamouth
408,Joel Jackson,Male,54,2017-05-13,4,Underwoodfurt
409,Michael Thompson,Female,56,2023-09-20,5,East Joshua
410,Amanda Harvey,Male,52,2022-11-13,5,Lake Kenneth
411,Karen Miller,Male,26,2022-04-16,6,Taylorborough
412,Zachary Stephens,Female,53,2024-03-23,6,South Kimberlystad
413,Kari Durham,Male,27,2023-06-10,4,Paulburgh
414,Daniel Huang,Female,51,2015-09-21,6,Brianfort
415,Yvonne Dickson,Male,55,2021-05-12,6,East Dianeview
416,Theresa Johnston,Female,28,2016-03-25,1,Kellyburgh
417,Evan Rojas,Female,33,2018-04-11,1,Robintown
418,Kristy Hart,Male,41,2021-04-06,5,Port Vanessa
419,Casey Johnson,Female,48,2023-08-27,5,East Carolyntown
420,Gary Mendez,Female,53,2024-03-27,5,West Jennifer
421,Charles Bush,Female,30,2020-10-13,6,Port Daniel
422,Toni Brooks,Male,59,2024-03-26,6,Willismouth
423,William Oconnor,Male,51,2020-05-31,4,Connerfort
424,Wayne Steele,Male,50,2020-09-04,3,Jeffreyshire
425,Nicholas Phillips,Female,49,2018-04-06,4,Lake Aaron
426,Patricia Bradley,Male,44,2021-12-10,4,New Lucas
427,Ashley Crawford,Female,40,2019-01-14,3,Juliebury
428,Mrs. Stacey Davis,Male,54,2021-03-07,1,Seanview
429,Barry Scott,Male,29,2018-11-05,1,Lake Aaronfurt
430,Tracy Wilkerson,Female,30,2022-09-26,6,Maciasstad
431,John Shields,Female,32,2021-08-31,5,East Shannon
432,Fernando Lynn,Male,59,2015-11-06,5,West Georgefurt
433,Kimberly Villanueva,Female,31,2018-01-06,4,West Brookefort
434,Matthew Lawson,Female,51,2015-10-22,6,Mooreville
435,Colton Terry,Male,42,2020-11-29,5,Donnaport
436,James Dunn,Female,46,2019-04-28,1,Hernandezstad
437,Edward Stanley,Male,33,2015-05-06,6,Gonzaleztown
438,Edgar Miller,Female,38,2018-10-19,1,West Kristenfort
439,Deborah May,Female,59,2023-08-08,3,Lopezfurt
440,Andrew Gonzales,Male,41,2021-07-25,5,Jeremyview
441,Michael Davis,Male,51,2016-04-30,5,Lindseychester
442,Sara Cardenas,Male,41,2019-02-24,1,Sheppardfort
443,Blake Orr,Male,41,2019-04-16,6,New Ashleyhaven
444,Peter Thompson,Female,45,2017-10-15,3,East Lindsey
445,Blake Vega,Male,35,2017-06-05,2,Port Courtney
446,Nicholas Aguirre,Female,28,2019-09-01,2,South Angelaside
447,Kelly Stark,Male,29,2020-10-29,6,Port Isabellashire
448,Ashley Hernandez,Male,48,2024-03-03,4,North Annaville
449,Sheryl Humphrey,Female,45,2020-02-23,2,Patrickfort
450,Donald Thomas,Female,43,2023-04-30,6,Williamsmouth
451,John Adams,Female,60,2019-04-28,5,Andrewport
452,John Horton,Male,27,2020-07-27,2,Port Jeremyport
453,Erica Daniel,Male,27,2022-10-26,6,East Scottchester
454,Sharon Nicholson,Male,41,2023-07-10,4,North Larry
455,Richard Warren,Female,55,2023-11-26,5,East Jamesborough
456,Jesus Hull,Female,50,2016-04-05,3,West Micheal
457,Madison Martinez,Male,56,2023-03-06,1,East Nathanmouth
458,Karen Arnold,Female,51,2018-04-20,1,Frankview
459,James Martin,Female,55,2016-10-25,5,Port Jeffrey
460,Debra Ortiz,Female,26,2019-02-09,2,Port Kimberlytown
461,Maria Burke,Female,27,2023-05-06,1,East Johnnyport
462,James Bailey,Male,43,2019-12-19,2,Jefferyport
463,Jennifer Garcia,Male,40,2024-02-20,3,Annaport
464,Karen Rogers,Female,31,2020-05-10,1,Danielleview
465,Tiffany Curtis,Female,51,2019-09-21,2,East Zachary
466,Renee Lang,Male,48,2019-05-15,5,Guerreroberg
467,Yolanda Green,Male,56,2015-09-18,5,Sullivanton
468,Micheal Parks,Female,28,2018-07-06,4,Knoxstad
469,Christopher Sandoval,Male,51,2023-11-29,1,West Connor
470,Molly Hansen,Female,28,2017-06-16,3,Lake Rachel
471,Daniel Savage,Female,60,2016-10-18,4,Frenchmouth
472,Edward York,Female,42,2021-08-08,1,Brownshire
473,Cory Wilson,Female,25,2016-06-28,3,Morenochester
474,Brittany Gay,Male,53,2016-03-13,6,Robertshire
475,Scott White,Female,29,2023-01-24,4,South Marvinburgh
476,Abigail Hill,Male,39,2020-08-11,4,New Kathy
477,Penny Anderson,Female,57,2023-08-11,1,Schultzfurt
478,Janet Johnson,Female,43,2022-07-30,6,Lake Nathan
479,Nicole Schmidt,Female,38,2015-07-09,3,Lake Adambury
480,Haley Anderson,Male,28,2019-02-16,5,Gordonport
481,Angel Fry,Male,57,2018-02-13,5,Lunahaven
482,Michael Anderson,Male,46,2021-01-10,3,Howardborough
483,Tamara Powell,Male,39,2018-01-31,1,East Jessica
484,Alex Wagner,Male,40,2017-07-06,2,West Jenniferton
485,Dawn Nichols,Male,33,2021-08-30,6,New Virginiaville
486,Brian Wallace,Male,35,2015-08-13,6,New Johnnyberg
487,Lorraine Turner,Female,53,2018-10-10,5,Lake Abigailberg
488,Ashley Higgins,Female,60,2022-05-28,6,West Danielville
489,Curtis Baker,Female,44,2023-09-30,2,West Jade
490,Joshua Lozano,Female,28,2020-04-21,4,Riveratown
491,Susan Conley,Female,43,2015-07-01,3,Hernandezland
492,Nathaniel Conway,Male,46,2023-12-26,5,South Vanessa
493,Anthony Li,Male,43,2020-04-25,4,Port Kellymouth
494,Anna Chang,Female,26,2022-07-12,1,North Melissaburgh
495,Jeffrey Howell,Female,42,2020-11-14,1,West Lisaburgh
496,Victor Nelson,Male,56,2017-03-20,4,Vaughnfort
497,Rebecca Wilson,Female,59,2022-06-15,6,Port Erikchester
498,Meghan White,Male,52,2023-06-29,5,Maxwelltown
499,Mr. Stephen Alexander,Male,44,2017-07-02,5,West Dianatown
500,Laura Cunningham,Female,56,2024-03-17,2,Aprilville
